feature,test,statistic,p_value,drift_detected,train_mean,incoming_mean
sno,Kolmogorov-Smirnov,0.08344709897610919,0.6393342604988013,False,150.87713310580205,159.15
age,Kolmogorov-Smirnov,0.19539249146757678,0.005609414817747577,True,54.3481228668942,51.09
trestbps,Kolmogorov-Smirnov,0.3944368600682594,6.500561308826477e-11,True,131.679180887372,148.32993740470584
chol,Kolmogorov-Smirnov,0.47587030716723555,7.046635246741528e-16,True,246.17747440273038,337.3159142183828
thalach,Kolmogorov-Smirnov,0.2653924914675768,3.9657446962059225e-05,True,149.88054607508533,139.0323999339077
oldpeak,Kolmogorov-Smirnov,0.5215699658703071,3.7057219046059057e-19,True,1.0542662116040957,3.0312886188036696
gender,Chi-square,11.998350073483884,0.0005324767115988407,True,,
cp,Chi-square,22.841260991768717,4.357940457670054e-05,True,,
fbs,Chi-square,44.67592328661665,2.3249881433708996e-11,True,,
restecg,Chi-square,72.48605443268357,1.819086171758092e-16,True,,
exang,Chi-square,5.615577448445661,0.017801514430445853,True,,
slope,Chi-square,47.276851849581234,5.4195354321034745e-11,True,,
ca,Chi-square,82.98116017274943,4.0659560291106447e-17,True,,
thal,Chi-square,117.82696889970177,2.266737658073987e-25,True,,
