sno,age,gender,cp,trestbps,chol,fbs,restecg,thalach,exang,oldpeak,slope,ca,thal,status_code,prediction,heart_disease_probability,request_id,latency_ms
27,39,0,0,181.58694396460191,411.5457892040287,0,2,151.71770670315988,1,0.262573419797036,0,2,1,200,yes,1.0,e66063d5-0b1c-49e7-9799-30632dc6deca,456.6147360001196
234,29,0,2,188.9930418150153,505.9608967075183,1,0,93.43916083615534,0,5.481703410474267,1,0,2,200,no,2.638975880399045e-60,f9e5e652-6f81-4ccd-90cd-01e67e52dd43,420.60426600073697
198,67,1,0,108.86640343385274,324.8068343494193,0,0,145.0085301028899,0,4.399385367623848,1,3,2,200,no,7.334071191128168e-29,17836b5c-0252-4b39-a9ed-168c613fba45,432.04666600104247
132,61,0,0,152.72783121513925,234.5537285726949,0,0,145.9883973384343,0,1.0733926478195202,0,0,2,200,yes,1.0,7d64f4a7-d6e3-468c-a470-778b751d36c3,425.8921870004997
131,63,0,1,105.50902856035702,229.6581149929405,0,0,132.0440550405408,1,0.568670236110028,0,4,1,200,yes,0.9999999971882685,547dca9d-1704-4276-815f-37fffa2ad317,424.4674970013875
260,66,0,0,165.25744986222003,452.7542547466295,0,0,139.46476259221907,0,1.1379060190579775,1,4,1,200,no,9.980014940013812e-47,f3df0d6d-956c-4a29-ad43-3a8d8b1155f7,421.9791450013872
26,51,0,1,123.81078108693488,483.6571183796728,1,1,171.073964090863,1,6.076168513235993,0,4,1,200,yes,1.0,b7692a35-6e74-4b04-bb54-23efefd2ef39,429.22295100106567
211,56,1,1,163.8987992773416,172.11179897610674,1,2,175.7010578630807,0,2.843075983242637,2,4,2,200,no,7.522684191917942e-10,b9facd62-3455-4609-aec5-89b96aba18bd,414.44480800055317
61,36,1,2,171.06142911440958,155.15277934636802,1,0,135.4720712403812,1,4.86130187971673,0,2,1,200,yes,1.0,b0904f48-c453-4fc8-b6ed-39cdb2eb2eea,423.6567530006141
28,34,0,0,175.47663414327164,386.3619447253259,0,0,149.54674083946222,1,3.945731721068217,0,2,0,200,yes,1.0,87f571ea-87c1-4ae6-8ac0-2450bfd47005,422.3645900001429
159,61,1,1,105.42054027132504,190.02388095640185,0,0,192.99194687540336,0,3.5489615297435515,1,2,1,200,yes,0.9999989658104738,9e3537f4-8298-41cc-9572-2a24ebdb710a,433.80487600006745
295,52,0,0,191.09725558458643,487.2029154198775,1,1,86.6851000936471,0,0.8998075789233081,0,1,3,200,no,7.33316313304876e-77,eb4003c3-cc11-4ca5-a591-1a950985943e,423.740252999778
222,56,0,2,118.40268303485738,261.9265871787446,0,0,86.34056713291447,1,5.86535161206019,1,4,3,200,no,3.967197860071061e-59,8ba37dcf-882b-4710-bb9f-5100f301ab17,431.5934450005443
230,66,0,0,97.96573095467504,189.0159066413605,0,2,82.48988056031067,0,1.8683243215912515,1,3,2,200,no,2.7694128599731756e-56,d704a44b-db74-4586-bf45-13e0eebf38d4,424.30548099946463
217,59,0,3,152.81436175549723,529.3850669495032,0,1,157.18009034030916,0,3.5837067380067618,0,3,0,200,no,4.968979447327298e-31,b852b7e2-288d-4da3-8f84-9e7bb72a35cd,422.2235979996185
238,56,0,3,133.31776208941852,198.50289455805185,1,2,125.83768740353972,1,4.33861085645221,0,4,1,200,no,4.802420675861468e-48,d241aa1c-7752-4a6d-bb97-11403f8383be,428.4955290004291
155,56,1,1,181.9577127720358,250.70739606401577,0,1,172.43610551458147,0,4.025245562520915,1,3,1,200,yes,1.0,b93ecbda-4b2d-4533-9f2e-6cd8e038c44a,420.67421699903207
38,44,1,1,179.674656038816,193.28266709412168,0,1,158.93131514342565,0,5.831685340112214,2,2,2,200,yes,1.0,1e143c5a-c281-499a-9df8-7e16b5a9ad3b,438.45316900114994
254,30,1,0,127.61672263920784,176.58464788542548,1,2,114.7065463409992,0,0.9203217375043596,0,1,1,200,no,2.405252910725371e-63,3e1ee918-2c8d-460c-8005-578d25a32caa,432.01449799926195
136,50,0,2,195.00733587739296,135.26283115536074,1,1,188.6860177043612,0,3.151786978371041,1,1,2,200,yes,1.0,1b447d44-4ca6-41b2-8449-8d6878b7ceeb,429.7763499998837
151,39,0,1,124.83729084285258,150.26318921394594,1,2,170.89171126625547,1,2.505013222592749,0,0,2,200,yes,0.9999927402279086,6e6a2eb1-ccbc-4dbe-a825-1d15f445cce4,426.506457000869
112,49,0,1,148.59605569856174,202.4929642699035,1,2,106.44007725923302,1,2.939846122792233,0,3,0,200,yes,1.0,35eefff2-4d11-4089-bc4e-c10c101c980d,431.40836100064917
55,70,0,0,121.1322996001659,149.38128649070282,0,1,118.70915432813908,0,0.7391486624260166,1,3,2,200,yes,1.0,689b2d5b-943d-4197-8908-1c1f42e3d772,419.9554589995387
280,40,0,1,193.2206184251901,384.9209914566054,0,2,112.19163740675845,0,0.8313865812111451,0,3,0,200,no,3.12465733933427e-62,427234ef-794d-4b07-956b-443001647637,430.2023760010343
236,32,1,2,111.44842866369392,424.1529627381838,0,0,91.64712596987496,1,1.7240683838437958,2,1,0,200,no,4.0785918694666873e-73,014fca25-a202-4642-8071-90d663aa68f4,424.6367089999694
195,43,1,0,98.76052565558687,298.4101400924284,1,2,90.35962180302712,0,1.889168543317154,1,3,0,200,no,1.990756881568811e-46,014362b1-d6f6-4f2c-a8fc-55a0b192738a,427.5287960008427
121,43,1,3,140.12028836032204,265.28010046499764,0,2,193.6326977022225,0,2.65299992482437,2,4,1,200,yes,1.0,592a4d84-3411-45a4-9c0d-e8b3201b3dab,426.74789400007285
249,61,1,0,199.19180978991872,346.9824918157368,1,2,128.36542887303668,0,3.788122791627096,2,1,0,200,no,5.537862265468416e-36,580577e4-1411-434e-b1cb-93343735a193,419.924269999683
165,56,1,3,188.51779022302088,509.2521646987586,0,0,121.21489678384069,0,3.934700527993231,2,1,3,200,no,3.997346166572834e-06,76b38cf1-f0d4-4b29-a0b0-56b5b22022e4,420.4765659997065
134,67,1,2,173.35245006243662,498.7956525481262,1,2,166.58882783673653,1,2.553227558830536,0,0,0,200,yes,1.0,1e9082a0-1337-4d7d-baef-d3421858f1ce,420.842335000998
136,61,0,0,188.42400403312365,145.04207716160286,1,1,143.4420915481299,0,2.534455278457922,2,3,2,200,yes,1.0,cd05d532-13df-464c-8f5e-2b64d4e762f8,426.9811459998891
68,49,1,1,188.70534380797352,205.49630340327755,0,0,193.63433827583856,0,1.3492968655211643,1,4,0,200,yes,1.0,54722aae-34b8-4925-b99a-8e17dbc90f14,412.89721700013615
27,68,1,0,148.9989862009636,229.69425354372544,1,0,173.21949570213036,1,3.6474987401358514,0,3,3,200,yes,1.0,a41f1928-67dc-452d-a57a-017c89d8a6b7,424.4830669995281
168,37,1,1,127.48847949406404,235.2317582145088,0,1,133.79741290031478,0,1.9656536501668749,1,4,1,200,no,2.3032305080177555e-15,2d4b9623-af2a-4e28-b60a-ec2637917909,420.83266699955857
269,30,1,1,175.83331780376471,376.1999014633344,0,0,120.30309102598824,1,0.2235709725196549,2,4,2,200,no,2.8951383944453204e-63,e3bbc822-6ea1-451a-ae27-4aa1cd7e0d5a,421.5470630006166
19,33,0,2,164.13609389578266,308.32294245799824,0,0,200.24873238508616,0,2.5940802737725344,2,3,1,200,yes,1.0,ff965a3d-95bc-4be5-b877-d47fa890fbce,422.91484599991236
260,64,1,3,133.6077192606133,147.57330452828617,0,1,165.0265909164773,0,2.939622585559056,0,1,0,200,no,2.367417959759437e-43,a14ace5c-6fbf-4dae-9b9c-0407671e0e77,419.48219100049755
250,51,0,3,104.01346681452064,289.64299264529234,1,1,195.6065004605032,0,1.398675782866108,2,0,2,200,no,2.9897767659228963e-45,4babb689-45f6-4bcb-86d4-3b7600534551,431.58229000073334
83,37,1,2,173.15969880299676,355.4037915383251,0,0,86.52069361543242,1,3.549239185357117,0,0,1,200,yes,1.0,a93ae57f-d0eb-4ad7-bad4-14da22eeef17,429.1305240003567
191,53,1,3,121.82081468782366,170.5322934718276,1,2,182.41991197399253,1,3.5077857826779097,0,2,3,200,no,1.3025506845001504e-11,3f6b00eb-9946-463c-8ca8-0245e998afb3,423.3900030012592
50,36,1,1,193.3021939565806,491.0548465593892,0,2,154.4566788028482,0,4.352413522884302,1,1,2,200,yes,1.0,03c81467-2a42-45c5-8bdc-e4fd6012d9ff,423.35816100057855
229,62,0,0,119.54288095060258,148.75929751171566,1,1,86.97173986189975,0,4.017280589647503,0,3,1,200,no,7.457173813048514e-53,0291a71c-178e-42a2-98b2-646f15f174f5,431.0457729989139
212,50,1,0,107.01234083561752,531.0807386299111,1,2,148.0617979959679,0,4.045084950430396,2,1,0,200,no,3.297239290942799e-45,074d7cfe-e552-41fd-97e0-1803fdfb7c3b,428.7576299993816
107,47,1,2,182.0979432452401,169.41155601198545,0,1,160.87862382881377,1,1.9605277413090676,2,0,0,200,yes,1.0,4f48ab52-0c50-4cab-84fb-ea26cdb822be,422.198403000948
20,43,0,0,110.24813756219638,495.4858287998157,1,0,72.61165185140698,0,4.8820797763129145,0,2,3,200,yes,1.0,f554c8ca-0fbd-4724-944f-aae987f1b5e2,431.98479100101395
294,59,0,0,113.00244066472034,521.3620770402963,0,0,130.5156530012688,1,3.4046951783180126,0,4,3,200,no,2.4423613214976714e-88,794a2538-a0b1-41e6-b7d4-19fec26a0e5f,430.66811700009566
135,46,1,0,157.53457590120942,555.0519580969276,0,2,179.12733596671808,1,2.674792810115319,2,4,2,200,yes,1.0,51bcb5a1-a6fb-4b8d-92bb-ccf94a809108,426.8620069997269
270,33,1,2,186.70357632877125,477.287335559834,0,2,109.69203232007578,1,3.881277381834554,2,2,3,200,no,1.6072894818476285e-69,a5e0aafd-4b85-418f-b4b7-f0c93515953a,428.0054819992074
205,35,1,2,114.82207456574476,467.4111628578421,0,2,131.0697987156102,0,2.2360754735915767,1,4,3,200,no,8.696886341033868e-46,6324b35a-72ce-4cdb-95d3-5ac2dfdbf152,425.3663029994641
235,75,1,0,126.89430932741004,407.4076748860499,0,0,128.943150645894,0,3.1789833165619013,1,3,1,200,no,7.542265168773403e-45,ae0f96c5-ecbc-4cb0-829b-013a6621cb16,419.6378279993951
230,73,0,3,176.40491285356484,467.2004033052205,1,0,110.5524882789664,0,4.567575268589766,0,4,1,200,no,3.0769886081410324e-39,c21f70c3-b6c4-488e-8cb9-cbc12e6876fd,446.1983870005497
58,63,1,2,197.0136011624625,184.9338672849584,1,0,191.3158883125376,1,5.495697897686988,0,4,2,200,yes,1.0,99c90245-728c-42dc-9f1e-854a2c0be62f,428.9552989994263
110,42,0,3,147.0785657374483,360.7977997450652,1,0,173.34951864152856,1,5.7105546232301885,0,3,2,200,yes,1.0,9f0614ae-f0dc-4f8a-ac67-e1c4819b957c,428.5660850000568
141,76,1,0,109.25313527043258,351.2296171434015,0,0,85.48708184049048,1,3.1225241361352154,2,2,1,200,no,3.50036808227767e-10,30a9681d-74e3-4693-acf3-a8a808afe8b7,421.7428409992863
150,66,0,1,95.47724649706936,501.6165991256802,1,1,201.6115401767221,0,3.2257057113915284,0,3,1,200,yes,0.9999758963730674,2f02a47f-13c6-44de-ab01-1570d2a29718,418.0647829998634
13,63,1,3,118.34353917987866,328.7061221299599,1,0,186.17520318431465,0,4.959196546735786,0,2,0,200,yes,1.0,5d1d94dc-1758-4cec-8c01-d9ad4d5b4f71,436.8919270000333
165,51,0,3,107.97315508537125,294.6691992919548,1,2,108.19200536018911,1,1.949594288814048,1,2,2,200,no,1.101614547973563e-22,977cd7f8-d9bc-4b83-99f6-2ce81c09634a,421.34137699940766
46,42,1,1,165.83181940296288,406.1287128018543,1,1,180.6334519355829,1,5.1917706465394255,1,3,3,200,yes,1.0,0d65c3db-82cb-4457-97d3-f286e71eec12,430.975908999244
225,34,0,1,106.9142454906243,242.71093306537057,1,0,84.94095867515115,1,3.0636782084080254,1,1,3,200,no,2.7838649946973013e-67,74353043-d4c8-4341-9532-5338044ac554,422.17100900052174
206,72,0,0,147.6709727517871,187.21856399783312,1,1,201.88271969212525,1,0.7183116908786641,0,1,3,200,yes,0.9992663311438436,a3c621d3-690c-4282-ac62-20cda6099ad5,428.5087809985271
279,51,1,2,167.59181817814596,335.31024602240063,1,2,158.20470042995635,0,0.4467667118522509,2,2,3,200,no,7.627817694568785e-52,94b3f6d1-dd4a-404e-9106-f9f451012039,435.3679079995345
225,39,0,0,155.59836057741563,308.5975434445596,1,0,156.1663770382024,0,5.220357908444671,2,1,2,200,no,9.318010455454006e-39,72ad053f-5155-44c3-8629-17391b5bacb1,431.3991140006692
111,44,1,2,115.1762190759661,227.86563395164669,1,0,82.84773523492139,0,0.344521084822643,0,0,0,200,yes,0.9976605810133607,a4dfaadc-5aea-4291-a00c-78b00dbb0350,420.574628000395
293,57,1,0,179.23719977531985,286.97017283042607,1,0,188.5113752554579,1,1.7397909040286668,2,3,2,200,no,1.7594859778195046e-47,bb15060b-bba8-46ec-bdad-e7b36dc4241a,420.12205200080643
124,37,1,3,169.83315573927496,286.47989302389635,0,2,74.7989349197855,1,2.0716062511095843,2,1,0,200,yes,0.9984822679897224,c781ff88-94e9-45f7-90ad-c3c8ccd3c8b3,426.70728899975074
98,70,0,3,172.33230441504742,269.4430572126949,1,0,102.54847560339026,0,1.0725655601878816,2,4,2,200,yes,1.0,e57eada9-0b5e-43cd-9a96-828297523f10,428.8949980000325
274,65,0,3,107.8921216650752,292.2052669203949,1,1,89.73586564682918,1,1.946138892772333,1,1,1,200,no,1.90211073575408e-79,1bd5a4a2-185b-4144-b35a-001558f0a5c8,422.85733800054004
112,64,0,2,107.11790318693652,426.3555853097041,1,1,172.75660023068065,1,4.604693913695531,1,1,0,200,yes,1.0,28627863-073d-4318-9f19-1470d706af93,420.1724779995857
23,50,1,0,192.3216304066898,256.031895862223,0,2,96.96475376488962,1,0.0910336300724387,2,0,1,200,yes,1.0,e021effe-2218-48b5-a47a-2f0b7d728267,427.5788989998546
142,59,1,3,136.1432885454437,541.5997719013192,0,0,190.293607754146,1,5.128475232028256,1,0,0,200,yes,0.999999999584553,3df0fd0a-650e-4540-8c83-c8f2d9f6d746,422.1889109994663
241,57,1,2,125.90056132877962,527.3604325577219,0,2,156.9712441519012,0,5.31059774616226,1,2,1,200,no,9.503867831638986e-53,41653bd4-1461-4bb7-af88-9960c89fda02,425.3292320008768
57,60,1,3,145.78990880726252,336.6387675954344,1,2,75.73731507480521,0,2.3080217537875987,2,2,1,200,yes,1.0,daf8bcd5-0ba1-44c1-ab6c-2be07406a91b,412.75657799997134
140,33,0,0,164.2636065529397,269.8222077920537,1,1,71.71130827085976,1,0.9523999741759358,0,2,3,200,no,1.6178926254445546e-08,169b3348-5244-4fb6-93b6-2861c2bea600,428.27127300006396
39,49,0,1,195.2960652469788,360.5204379455414,1,0,77.76718712888626,1,3.7252105292595017,1,2,0,200,yes,1.0,a17cffb9-c6d8-443e-87fc-3fcb2776d22a,425.99991300085094
208,31,0,0,124.36330004949784,497.6694940828476,0,2,150.37619827185233,0,0.7419698463623449,1,3,2,200,no,1.526188739500303e-39,1975cf02-3aa5-4332-8f47-540e6a3723c4,421.6230750007526
144,53,0,1,192.02969350707485,411.8332551653247,0,0,175.99411722258338,0,2.262500038685165,1,0,1,200,yes,1.0,48139147-2f63-4800-bd2f-54b32a46a3e1,430.16108899973915
100,45,0,1,96.63510608694315,478.3236206408199,0,1,102.2504195021879,1,5.942260921586029,0,2,1,200,no,6.076894747738036e-06,f899bfd1-169c-4570-add4-1d81d5ccf157,417.11771200061776
68,36,0,0,152.8509924866434,359.3323569167942,0,1,182.27255842292251,1,6.17187973001855,2,0,0,200,yes,1.0,1f3f58b2-8d16-446c-887a-5a9f2f801a24,439.2176909987029
171,34,0,3,161.20136183819503,403.21792161921786,0,0,78.4973841600771,0,4.787050326398431,1,2,3,200,no,1.232157391592118e-33,4a2c80e8-4c0e-4a70-a458-b0dfc605cf34,421.43794799994794
202,57,0,0,105.22512479757984,252.21215901191823,0,1,175.92626482705958,1,1.9279613615087503,2,3,1,200,no,1.247531969701209e-21,c4bbb9f6-4348-4897-bb98-ee54d98f959d,421.8249979985558
284,37,1,1,108.87599728877474,447.88320509190737,0,0,192.54120135256875,0,4.263523304829774,1,0,2,200,no,2.6553930678195464e-75,b27d1a54-fcb0-4a31-b40d-c7ae4343c7ff,420.68531699987943
132,73,1,1,138.4261178475282,214.65321178906464,1,0,172.14620028267387,0,4.373519466000879,0,2,2,200,yes,1.0,41f74326-a72f-40f2-9c17-d392258c3cf9,420.13121799936926
48,57,1,2,196.42058268717727,430.3215804225022,1,0,162.4538227012015,1,2.4046185100146285,0,0,1,200,yes,1.0,ee424a54-05b3-4b7d-a1cd-855078dc662a,442.1343240010174
252,46,0,0,157.18051064284353,502.9949519267416,0,0,180.7754086438552,0,3.973509534434189,1,4,0,200,no,2.4321557935782e-46,c1f7fa0e-f426-4077-bd07-4197e99f6122,423.74406499948236
190,57,0,2,192.9004614896224,183.86104273807624,1,1,76.2598202406657,1,0.0665113988491927,2,3,3,200,no,2.279909966784827e-14,63f73247-462a-44ea-82e5-4c993dc13bfd,431.4079669984494
212,30,0,3,179.2622570549749,395.09832635736086,1,2,97.43345650419626,0,1.2961574833338971,2,2,1,200,no,6.725495417184171e-40,bf75a1ec-0cab-4152-8853-2dca3f28da7f,425.68971199943917
29,75,0,0,143.5424497648609,167.65193772471136,0,0,87.36500198903924,1,3.2555474783970197,2,0,3,200,yes,1.0,194e7985-96fc-470d-9565-54ea7ee969f5,428.3881540013681
94,52,1,3,177.18492562073186,443.86344518288496,1,0,137.09355971528123,0,1.0152580864014344,2,0,2,200,yes,1.0,bc03af30-b877-47e5-9714-b7794e02bd2f,431.8861490010022
232,67,1,3,95.8906991015607,163.00802984470187,0,0,168.61964481107862,1,1.0286225808345086,1,1,1,200,no,1.2724755496624666e-35,55e93600-33c4-4b19-be00-9971999a8881,422.935360998963
252,33,0,1,105.56926365716792,535.9416423428743,0,1,153.53155163950822,0,5.185086601411475,0,3,2,200,no,5.476941153354913e-74,092f960c-9c52-4a5c-9de4-6d6766cc20da,424.29380099929404
131,52,0,3,181.91943317757008,186.1846733565573,1,0,182.49817406881348,1,6.1326246166383545,1,1,1,200,yes,1.0,59051c0f-c741-488e-96d2-97dc1e795c84,437.40872499984107
243,53,0,0,178.46261136246716,545.9895477081773,0,1,91.33290200978291,0,3.44701045377638,1,4,1,200,no,2.453975746914909e-56,008e66ef-6632-4f7d-b94e-e5ec7281def8,428.3682499990391
255,74,0,2,118.65991864844196,476.7872691252724,0,0,167.23536304350617,0,5.202232331466624,2,2,0,200,no,2.389151277545118e-53,1276da73-1197-4c3e-a801-a31d9a5ed04e,438.7258870010555
117,56,1,3,150.26157660349966,386.0327179562631,0,0,96.28843530382645,0,6.13999431882289,2,2,3,200,yes,0.9994061943581801,1bf88f50-e614-48b8-8e65-572794a1298f,428.1517569997959
272,52,1,0,158.23767699420114,468.7893578277415,1,1,106.46939642263185,1,0.8778945091264031,0,1,1,200,no,1.671716240836852e-67,ef9423c8-3eec-4854-b8c8-36d4ea98fb86,421.4371880007093
87,42,1,1,185.9803291002572,474.2602994745916,0,1,163.9975153438508,0,2.779122802176977,1,2,0,200,yes,1.0,5496e975-7ce1-4434-a5e3-54560c2ae170,423.1503769988194
72,45,1,2,157.92935867790493,540.3598535139906,0,1,199.4068268217273,1,2.4339508382199035,2,4,3,200,yes,1.0,2f980436-bd7b-4b76-99a8-bf66f24b1084,423.1373809998331
206,54,1,1,137.7325863430101,236.981908981564,0,2,151.11221238299612,1,0.4963055586063471,0,0,0,200,no,3.452305336577811e-19,0c653008-8ccf-4e39-a991-d05378c3c0f0,427.34310800005915
192,50,1,1,133.66350860116137,384.45324216693945,1,1,78.13954126385973,1,4.683047071327416,2,1,3,200,no,2.2096285171495648e-44,d434f2a9-d29a-4c63-8b48-fa9be4427752,430.2805940005783
42,30,1,3,139.14350115559205,167.6315485332077,1,2,151.7364750605068,1,2.6894299694000767,1,1,2,200,yes,1.0,01ad00c2-d3a9-4b16-936d-86f8b29fb960,437.1914570001536
