sno,age,gender,cp,trestbps,chol,fbs,restecg,thalach,exang,oldpeak,slope,ca,thal
27,39,0,0,181.58694396460191,411.54578920402867,0,2,151.71770670315988,1,0.262573419797036,0,2,1
234,29,0,2,188.99304181501526,505.9608967075183,1,0,93.43916083615534,0,5.481703410474267,1,0,2
198,67,1,0,108.86640343385274,324.8068343494193,0,0,145.0085301028899,0,4.399385367623848,1,3,2
132,61,0,0,152.72783121513925,234.55372857269487,0,0,145.9883973384343,0,1.0733926478195202,0,0,2
131,63,0,1,105.50902856035702,229.65811499294054,0,0,132.0440550405408,1,0.568670236110028,0,4,1
260,66,0,0,165.25744986222003,452.7542547466295,0,0,139.46476259221907,0,1.1379060190579777,1,4,1
26,51,0,1,123.81078108693488,483.65711837967274,1,1,171.073964090863,1,6.076168513235993,0,4,1
211,56,1,1,163.8987992773416,172.11179897610674,1,2,175.70105786308073,0,2.843075983242637,2,4,2
61,36,1,2,171.06142911440958,155.15277934636802,1,0,135.4720712403812,1,4.86130187971673,0,2,1
28,34,0,0,175.47663414327164,386.3619447253259,0,0,149.54674083946222,1,3.9457317210682166,0,2,0
159,61,1,1,105.42054027132504,190.02388095640185,0,0,192.99194687540336,0,3.5489615297435515,1,2,1
295,52,0,0,191.09725558458643,487.2029154198775,1,1,86.6851000936471,0,0.8998075789233081,0,1,3
222,56,0,2,118.40268303485738,261.9265871787446,0,0,86.34056713291447,1,5.86535161206019,1,4,3
230,66,0,0,97.96573095467505,189.0159066413605,0,2,82.48988056031067,0,1.8683243215912513,1,3,2
217,59,0,3,152.81436175549723,529.3850669495032,0,1,157.18009034030916,0,3.5837067380067618,0,3,0
238,56,0,3,133.31776208941852,198.50289455805182,1,2,125.83768740353972,1,4.33861085645221,0,4,1
155,56,1,1,181.9577127720358,250.70739606401577,0,1,172.43610551458147,0,4.025245562520915,1,3,1
38,44,1,1,179.674656038816,193.28266709412168,0,1,158.93131514342565,0,5.831685340112214,2,2,2
254,30,1,0,127.61672263920784,176.58464788542548,1,2,114.7065463409992,0,0.9203217375043596,0,1,1
136,50,0,2,195.00733587739296,135.26283115536074,1,1,188.68601770436118,0,3.151786978371041,1,1,2
151,39,0,1,124.83729084285258,150.26318921394594,1,2,170.89171126625547,1,2.505013222592749,0,0,2
112,49,0,1,148.59605569856174,202.4929642699035,1,2,106.44007725923302,1,2.9398461227922326,0,3,0
55,70,0,0,121.1322996001659,149.38128649070282,0,1,118.70915432813908,0,0.7391486624260166,1,3,2
280,40,0,1,193.2206184251901,384.9209914566054,0,2,112.19163740675845,0,0.8313865812111451,0,3,0
236,32,1,2,111.44842866369393,424.1529627381838,0,0,91.64712596987496,1,1.7240683838437958,2,1,0
195,43,1,0,98.76052565558687,298.4101400924284,1,2,90.35962180302711,0,1.8891685433171541,1,3,0
121,43,1,3,140.12028836032204,265.28010046499764,0,2,193.63269770222246,0,2.65299992482437,2,4,1
249,61,1,0,199.19180978991872,346.9824918157368,1,2,128.36542887303668,0,3.7881227916270954,2,1,0
165,56,1,3,188.51779022302088,509.2521646987586,0,0,121.21489678384069,0,3.934700527993231,2,1,3
134,67,1,2,173.35245006243662,498.7956525481262,1,2,166.58882783673653,1,2.5532275588305358,0,0,0
136,61,0,0,188.42400403312365,145.04207716160286,1,1,143.4420915481299,0,2.534455278457922,2,3,2
68,49,1,1,188.70534380797352,205.49630340327755,0,0,193.63433827583856,0,1.3492968655211643,1,4,0
27,68,1,0,148.9989862009636,229.69425354372544,1,0,173.21949570213036,1,3.6474987401358514,0,3,3
168,37,1,1,127.48847949406405,235.23175821450877,0,1,133.79741290031478,0,1.9656536501668749,1,4,1
269,30,1,1,175.83331780376471,376.1999014633344,0,0,120.30309102598824,1,0.22357097251965494,2,4,2
19,33,0,2,164.13609389578266,308.32294245799824,0,0,200.24873238508619,0,2.5940802737725344,2,3,1
260,64,1,3,133.60771926061327,147.57330452828617,0,1,165.0265909164773,0,2.939622585559056,0,1,0
250,51,0,3,104.01346681452063,289.64299264529234,1,1,195.60650046050318,0,1.398675782866108,2,0,2
83,37,1,2,173.15969880299676,355.4037915383251,0,0,86.52069361543242,1,3.5492391853571172,0,0,1
191,53,1,3,121.82081468782366,170.5322934718276,1,2,182.41991197399253,1,3.5077857826779097,0,2,3
50,36,1,1,193.3021939565806,491.05484655938915,0,2,154.4566788028482,0,4.352413522884302,1,1,2
229,62,0,0,119.54288095060258,148.75929751171566,1,1,86.97173986189975,0,4.017280589647503,0,3,1
212,50,1,0,107.01234083561752,531.0807386299111,1,2,148.0617979959679,0,4.045084950430396,2,1,0
107,47,1,2,182.09794324524006,169.41155601198545,0,1,160.87862382881377,1,1.9605277413090674,2,0,0
20,43,0,0,110.24813756219638,495.4858287998157,1,0,72.61165185140698,0,4.8820797763129145,0,2,3
294,59,0,0,113.00244066472034,521.3620770402963,0,0,130.5156530012688,1,3.4046951783180126,0,4,3
135,46,1,0,157.53457590120942,555.0519580969276,0,2,179.12733596671808,1,2.674792810115319,2,4,2
270,33,1,2,186.70357632877125,477.287335559834,0,2,109.69203232007578,1,3.881277381834554,2,2,3
205,35,1,2,114.82207456574477,467.41116285784204,0,2,131.0697987156102,0,2.2360754735915767,1,4,3
235,75,1,0,126.89430932741004,407.4076748860499,0,0,128.943150645894,0,3.1789833165619013,1,3,1
230,73,0,3,176.40491285356484,467.2004033052205,1,0,110.5524882789664,0,4.567575268589766,0,4,1
58,63,1,2,197.01360116246252,184.9338672849584,1,0,191.3158883125376,1,5.495697897686988,0,4,2
110,42,0,3,147.0785657374483,360.79779974506516,1,0,173.34951864152856,1,5.7105546232301885,0,3,2
141,76,1,0,109.25313527043258,351.2296171434015,0,0,85.48708184049048,1,3.1225241361352154,2,2,1
150,66,0,1,95.47724649706936,501.6165991256802,1,1,201.61154017672206,0,3.2257057113915284,0,3,1
13,63,1,3,118.34353917987866,328.7061221299599,1,0,186.17520318431463,0,4.959196546735786,0,2,0
165,51,0,3,107.97315508537123,294.6691992919548,1,2,108.19200536018911,1,1.9495942888140478,1,2,2
46,42,1,1,165.83181940296288,406.12871280185425,1,1,180.6334519355829,1,5.1917706465394255,1,3,3
225,34,0,1,106.9142454906243,242.71093306537057,1,0,84.94095867515115,1,3.0636782084080254,1,1,3
206,72,0,0,147.6709727517871,187.21856399783312,1,1,201.88271969212525,1,0.7183116908786641,0,1,3
279,51,1,2,167.59181817814596,335.31024602240063,1,2,158.20470042995635,0,0.4467667118522509,2,2,3
225,39,0,0,155.59836057741563,308.5975434445596,1,0,156.1663770382024,0,5.220357908444671,2,1,2
111,44,1,2,115.1762190759661,227.86563395164669,1,0,82.84773523492139,0,0.344521084822643,0,0,0
293,57,1,0,179.23719977531985,286.97017283042607,1,0,188.5113752554579,1,1.7397909040286668,2,3,2
124,37,1,3,169.83315573927496,286.47989302389635,0,2,74.7989349197855,1,2.0716062511095843,2,1,0
98,70,0,3,172.33230441504742,269.44305721269495,1,0,102.54847560339026,0,1.0725655601878816,2,4,2
274,65,0,3,107.89212166507521,292.2052669203949,1,1,89.73586564682918,1,1.9461388927723333,1,1,1
112,64,0,2,107.11790318693653,426.3555853097041,1,1,172.75660023068065,1,4.604693913695531,1,1,0
23,50,1,0,192.3216304066898,256.031895862223,0,2,96.96475376488962,1,0.09103363007243877,2,0,1
142,59,1,3,136.1432885454437,541.5997719013192,0,0,190.29360775414597,1,5.128475232028256,1,0,0
241,57,1,2,125.90056132877962,527.3604325577219,0,2,156.9712441519012,0,5.31059774616226,1,2,1
57,60,1,3,145.78990880726252,336.6387675954344,1,2,75.73731507480521,0,2.3080217537875987,2,2,1
140,33,0,0,164.26360655293973,269.8222077920537,1,1,71.71130827085976,1,0.9523999741759358,0,2,3
39,49,0,1,195.2960652469788,360.5204379455414,1,0,77.76718712888626,1,3.7252105292595017,1,2,0
208,31,0,0,124.36330004949784,497.66949408284756,0,2,150.37619827185233,0,0.7419698463623449,1,3,2
144,53,0,1,192.02969350707485,411.8332551653247,0,0,175.99411722258338,0,2.2625000386851655,1,0,1
100,45,0,1,96.63510608694317,478.3236206408199,0,1,102.2504195021879,1,5.942260921586029,0,2,1
68,36,0,0,152.8509924866434,359.3323569167942,0,1,182.27255842292254,1,6.17187973001855,2,0,0
171,34,0,3,161.20136183819503,403.21792161921786,0,0,78.4973841600771,0,4.787050326398431,1,2,3
202,57,0,0,105.22512479757985,252.21215901191823,0,1,175.92626482705958,1,1.9279613615087505,2,3,1
284,37,1,1,108.87599728877474,447.88320509190737,0,0,192.54120135256875,0,4.263523304829774,1,0,2
132,73,1,1,138.4261178475282,214.65321178906464,1,0,172.14620028267387,0,4.373519466000879,0,2,2
48,57,1,2,196.42058268717727,430.3215804225022,1,0,162.4538227012015,1,2.4046185100146285,0,0,1
252,46,0,0,157.18051064284353,502.9949519267416,0,0,180.7754086438552,0,3.9735095344341884,1,4,0
190,57,0,2,192.9004614896224,183.86104273807624,1,1,76.2598202406657,1,0.0665113988491927,2,3,3
212,30,0,3,179.2622570549749,395.09832635736086,1,2,97.43345650419626,0,1.2961574833338971,2,2,1
29,75,0,0,143.5424497648609,167.65193772471136,0,0,87.36500198903924,1,3.2555474783970193,2,0,3
94,52,1,3,177.18492562073186,443.86344518288496,1,0,137.09355971528123,0,1.0152580864014344,2,0,2
232,67,1,3,95.8906991015607,163.00802984470187,0,0,168.61964481107862,1,1.0286225808345086,1,1,1
252,33,0,1,105.56926365716791,535.9416423428743,0,1,153.53155163950822,0,5.185086601411475,0,3,2
131,52,0,3,181.91943317757006,186.18467335655734,1,0,182.49817406881348,1,6.1326246166383545,1,1,1
243,53,0,0,178.46261136246716,545.9895477081773,0,1,91.33290200978291,0,3.44701045377638,1,4,1
255,74,0,2,118.65991864844197,476.78726912527236,0,0,167.23536304350617,0,5.2022323314666234,2,2,0
117,56,1,3,150.26157660349966,386.0327179562631,0,0,96.28843530382643,0,6.13999431882289,2,2,3
272,52,1,0,158.23767699420114,468.7893578277415,1,1,106.46939642263183,1,0.8778945091264031,0,1,1
87,42,1,1,185.98032910025717,474.2602994745916,0,1,163.9975153438508,0,2.779122802176977,1,2,0
72,45,1,2,157.92935867790493,540.3598535139906,0,1,199.40682682172732,1,2.4339508382199035,2,4,3
206,54,1,1,137.7325863430101,236.981908981564,0,2,151.11221238299612,1,0.4963055586063471,0,0,0
192,50,1,1,133.66350860116137,384.45324216693945,1,1,78.13954126385973,1,4.683047071327416,2,1,3
42,30,1,3,139.14350115559205,167.63154853320773,1,2,151.7364750605068,1,2.6894299694000767,1,1,2
