sno,age,gender,cp,trestbps,chol,fbs,restecg,thalach,exang,oldpeak,slope,ca,thal,target
128,52,1,2,136.0,196.0,0,0,169.0,0,0.1,1,0,2,yes
300,68,0,0,144.0,193.0,1,1,141.0,0,3.4,1,2,3,no
213,61,1,0,145.0,307.0,0,0,146.0,1,1.0,1,0,3,no
212,39,0,0,118.0,219.0,0,1,140.0,0,1.2,1,0,3,no
12,49,0,1,130.0,266.0,0,1,171.0,0,0.6,2,0,2,yes
204,62,1,0,160.0,164.0,0,0,145.0,0,6.2,0,3,3,no
80,41,0,2,112.0,250.0,0,1,179.0,0,0.0,2,0,2,yes
183,58,0,2,112.0,230.0,0,0,165.0,0,2.5,1,1,3,no
221,55,0,0,140.0,217.0,0,1,111.0,1,5.6,0,0,3,no
40,51,1,2,140.0,308.0,0,0,142.0,0,1.5,2,1,2,yes
295,63,0,0,140.0,187.0,0,0,144.0,1,4.0,2,2,3,no
126,47,0,0,112.0,204.0,0,1,143.0,0,0.1,2,0,2,yes
260,66,1,0,178.0,228.0,1,1,165.0,1,1.0,1,2,3,no
173,58,0,2,132.0,224.0,0,0,173.0,0,3.2,2,2,3,no
132,42,0,1,120.0,295.0,0,1,162.0,0,0.0,2,0,2,yes
41,48,0,1,130.0,245.0,0,0,180.0,0,0.2,1,0,2,yes
268,54,0,0,122.0,286.0,0,0,116.0,1,3.2,1,2,2,no
263,63,1,0,108.0,269.0,0,1,169.0,1,1.8,1,2,2,no
6,56,1,1,140.0,294.0,0,0,153.0,0,1.3,1,0,2,yes
220,63,1,0,150.0,407.0,0,0,154.0,0,4.0,1,3,3,no
298,57,1,0,140.0,241.0,0,1,123.0,1,0.2,1,0,3,no
147,60,1,3,150.0,240.0,0,1,171.0,0,0.9,2,0,2,yes
38,65,1,2,155.0,269.0,0,1,148.0,0,0.8,2,0,2,yes
21,44,0,2,130.0,233.0,0,1,179.0,1,0.4,2,0,2,yes
133,41,0,1,110.0,235.0,0,1,153.0,0,0.0,2,0,2,yes
197,67,0,0,125.0,254.0,1,1,163.0,0,0.2,1,2,3,no
23,61,0,2,150.0,243.0,1,1,137.0,1,1.0,1,0,2,yes
57,45,0,0,115.0,260.0,0,0,185.0,0,0.0,2,0,2,yes
248,54,0,1,192.0,283.0,0,0,195.0,0,0.0,2,1,3,no
71,51,0,2,94.0,227.0,0,1,154.0,1,0.0,2,1,3,yes
168,63,0,0,130.0,254.0,0,0,147.0,0,1.4,1,1,3,no
155,58,1,0,130.0,197.0,0,1,131.0,0,0.6,1,0,2,yes
239,35,0,0,126.0,282.0,0,0,156.0,1,0.0,2,0,3,no
266,55,1,0,180.0,327.0,0,2,117.0,1,3.4,1,0,2,no
105,68,1,2,120.0,211.0,0,0,115.0,0,1.5,1,0,2,yes
85,67,1,2,115.0,564.0,0,0,160.0,0,1.6,1,0,3,yes
91,57,0,0,132.0,207.0,0,1,168.0,1,0.0,2,0,3,yes
69,62,1,0,124.0,209.0,0,1,163.0,0,0.0,2,0,2,yes
101,59,0,3,178.0,270.0,0,0,145.0,0,4.2,0,0,3,yes
236,58,0,0,125.0,300.0,0,0,171.0,0,0.0,2,2,3,no
19,69,1,3,140.0,239.0,0,1,151.0,0,1.8,2,2,2,yes
27,51,0,2,110.0,175.0,0,1,123.0,0,0.6,2,0,2,yes
160,56,0,1,120.0,240.0,0,1,169.0,0,0.0,0,0,2,yes
83,52,0,3,152.0,298.0,1,1,178.0,0,1.2,1,0,3,yes
234,70,0,0,130.0,322.0,0,0,109.0,0,2.4,1,3,2,no
70,54,0,2,120.0,258.0,0,0,147.0,0,0.4,1,0,3,yes
171,48,0,1,110.0,229.0,0,1,168.0,0,1.0,0,0,3,no
96,62,1,0,140.0,394.0,0,0,157.0,0,1.2,1,0,2,yes
14,58,1,3,150.0,283.0,1,0,162.0,0,1.0,2,0,2,yes
35,46,1,2,142.0,177.0,0,0,160.0,1,1.4,0,0,2,yes
247,66,0,1,160.0,246.0,0,1,120.0,1,0.0,1,3,1,no
51,66,0,0,120.0,302.0,0,0,151.0,0,0.4,1,0,2,yes
282,59,0,2,126.0,218.0,1,1,134.0,0,2.2,1,1,1,no
179,57,0,0,150.0,276.0,0,0,112.0,1,0.6,1,1,1,no
67,45,1,1,130.0,234.0,0,0,175.0,0,0.6,1,0,2,yes
102,63,1,1,140.0,195.0,0,1,179.0,0,0.0,2,2,2,yes
178,43,0,0,120.0,177.0,0,0,120.0,1,2.5,1,0,3,no
256,58,0,0,128.0,259.0,0,0,130.0,1,3.0,1,2,3,no
61,54,0,1,108.0,309.0,0,1,156.0,0,0.0,2,0,3,yes
281,52,0,0,128.0,204.0,1,1,156.0,1,1.0,1,0,0,no
72,29,0,1,130.0,204.0,0,0,202.0,0,0.0,2,0,2,yes
2,41,1,1,130.0,204.0,0,0,172.0,0,1.4,2,0,2,yes
52,62,0,2,130.0,231.0,0,1,146.0,0,1.8,1,3,3,yes
149,42,0,2,130.0,180.0,0,1,150.0,0,0.0,2,0,2,yes
252,62,1,0,138.0,294.0,1,1,106.0,0,1.9,1,3,2,no
280,42,0,0,136.0,315.0,0,1,125.0,1,1.8,1,0,1,no
299,45,0,3,110.0,264.0,0,1,132.0,0,1.2,1,0,3,no
8,52,0,2,172.0,199.0,1,1,162.0,0,0.5,2,0,3,yes
277,57,0,1,124.0,261.0,0,1,141.0,0,0.3,2,0,3,no
131,49,1,1,134.0,271.0,0,1,162.0,0,0.0,1,0,2,yes
58,34,0,3,118.0,182.0,0,0,174.0,0,0.0,2,0,2,yes
286,59,0,3,134.0,204.0,0,1,162.0,0,0.8,2,2,2,no
84,42,1,0,102.0,265.0,0,0,122.0,0,0.6,1,0,2,yes
145,70,0,1,156.0,245.0,0,0,143.0,0,0.0,2,0,2,yes
152,64,0,3,170.0,227.0,0,0,155.0,0,0.6,1,0,3,yes
209,59,0,0,140.0,177.0,0,1,162.0,1,0.0,2,1,3,no
49,53,1,0,138.0,234.0,0,0,160.0,0,0.0,2,0,2,yes
215,43,1,0,132.0,341.0,1,0,136.0,1,3.0,1,0,3,no
1,37,0,2,130.0,250.0,0,1,187.0,0,3.5,0,0,2,yes
242,64,0,0,145.0,212.0,0,0,132.0,0,2.0,1,2,1,no
273,58,0,0,100.0,234.0,0,1,156.0,0,0.1,2,1,3,no
108,50,1,1,120.0,244.0,0,1,162.0,0,1.1,2,0,2,yes
211,61,0,0,120.0,260.0,0,1,140.0,1,3.6,1,1,3,no
121,59,0,0,138.0,271.0,0,0,182.0,0,0.0,2,0,2,yes
82,60,1,2,102.0,318.0,0,1,160.0,0,0.0,2,1,2,yes
218,65,0,0,135.0,254.0,0,0,127.0,0,2.8,1,1,3,no
192,54,0,0,120.0,188.0,0,1,113.0,0,1.4,1,1,3,no
206,59,0,0,110.0,239.0,0,0,142.0,1,1.2,1,1,3,no
184,50,0,0,150.0,243.0,0,0,128.0,0,2.6,1,0,3,no
269,56,0,0,130.0,283.0,1,0,103.0,1,1.6,0,0,3,no
117,56,0,3,120.0,193.0,0,0,162.0,0,1.9,1,0,3,yes
228,59,0,3,170.0,288.0,0,0,159.0,0,0.2,1,0,3,no
226,62,0,1,120.0,281.0,0,0,103.0,0,1.4,1,1,3,no
59,57,1,0,128.0,303.0,0,0,159.0,0,0.0,2,1,2,yes
47,47,0,2,138.0,257.0,0,0,156.0,0,0.0,2,0,2,yes
230,47,0,2,108.0,243.0,0,1,152.0,0,0.0,2,0,2,no
162,41,0,1,120.0,157.0,0,1,182.0,0,0.0,2,0,2,yes
34,51,0,3,125.0,213.0,0,0,125.0,1,1.4,2,1,2,yes
185,44,0,0,112.0,290.0,0,0,153.0,0,0.0,2,1,2,no
110,64,1,0,180.0,325.0,0,1,154.0,1,0.0,2,0,2,yes
26,59,0,2,150.0,212.0,1,1,157.0,0,1.6,2,0,2,yes
250,51,0,0,140.0,298.0,0,1,122.0,1,4.2,1,3,3,no
138,57,0,0,110.0,201.0,0,1,126.0,1,1.5,1,0,1,yes
181,65,1,0,150.0,225.0,0,0,114.0,0,1.0,1,3,3,no
194,60,0,2,140.0,185.0,0,0,155.0,0,3.0,1,0,2,no
11,48,1,2,130.0,275.0,0,1,139.0,0,0.2,2,0,2,yes
196,46,0,2,150.0,231.0,0,1,147.0,0,3.6,1,0,2,no
258,62,1,0,150.0,244.0,0,1,154.0,1,1.4,1,0,2,no
225,70,0,0,145.0,174.0,0,1,125.0,1,2.6,0,0,3,no
31,65,0,0,120.0,177.0,0,1,140.0,0,0.4,2,0,3,yes
55,52,0,1,134.0,201.0,0,1,158.0,0,0.8,2,1,2,yes
95,53,0,0,142.0,226.0,0,0,111.0,1,0.0,2,0,3,yes
198,62,0,0,120.0,267.0,0,1,99.0,1,1.8,1,2,3,no
285,46,0,0,140.0,311.0,0,1,120.0,1,1.8,1,2,3,no
74,43,1,2,122.0,213.0,0,1,165.0,0,0.2,1,0,2,yes
22,42,0,0,140.0,226.0,0,1,178.0,0,0.0,2,0,2,yes
3,56,0,1,120.0,236.0,0,1,178.0,0,0.8,2,0,2,yes
191,58,0,0,128.0,216.0,0,0,131.0,1,2.2,1,3,3,no
158,58,0,1,125.0,220.0,0,1,144.0,0,0.4,1,4,3,yes
60,71,1,2,110.0,265.0,1,0,130.0,0,0.0,2,1,2,yes
224,54,0,0,110.0,239.0,0,1,126.0,1,2.8,1,1,3,no
161,55,1,1,132.0,342.0,0,1,166.0,0,1.2,2,0,2,yes
10,54,0,0,140.0,239.0,0,1,160.0,0,1.2,2,0,2,yes
77,59,0,1,140.0,221.0,0,1,164.0,1,0.0,2,0,2,yes
233,64,0,0,120.0,246.0,0,0,96.0,1,2.2,0,1,2,no
288,57,0,0,110.0,335.0,0,1,143.0,1,3.0,1,1,3,no
229,64,0,2,125.0,309.0,0,1,131.0,1,1.8,1,0,3,no
235,51,0,0,140.0,299.0,0,1,173.0,1,1.6,2,0,3,no
154,39,1,2,138.0,220.0,0,1,152.0,0,0.0,1,0,2,yes
123,54,1,2,108.0,267.0,0,0,167.0,0,0.0,2,0,2,yes
97,52,0,0,108.0,233.0,1,1,147.0,0,0.1,2,3,3,yes
140,51,1,2,120.0,295.0,0,0,157.0,0,0.6,2,0,2,yes
139,64,0,0,128.0,263.0,0,1,105.0,1,0.2,1,1,3,yes
205,52,0,0,128.0,255.0,0,1,161.0,1,0.0,2,1,3,no
81,45,0,1,128.0,308.0,0,0,170.0,0,0.0,2,0,2,yes
66,51,0,2,100.0,222.0,0,1,143.0,1,1.2,1,0,2,yes
151,71,1,0,112.0,149.0,0,1,125.0,0,1.6,1,0,2,yes
200,44,0,0,110.0,197.0,0,0,177.0,0,0.0,2,1,2,no
214,56,0,0,125.0,249.0,1,0,144.0,1,1.2,1,1,2,no
246,56,1,0,134.0,409.0,0,0,150.0,1,1.9,1,2,3,no
119,46,1,0,138.0,243.0,0,0,152.0,1,0.0,1,0,2,yes
33,54,0,2,125.0,273.0,0,0,152.0,0,0.5,0,1,2,yes
201,60,0,0,125.0,258.0,0,0,141.0,1,2.8,1,1,3,no
291,58,0,0,114.0,318.0,0,2,140.0,0,4.4,0,3,1,no
190,51,1,0,130.0,305.0,0,1,142.0,1,1.2,1,0,3,no
290,61,0,0,148.0,203.0,0,1,161.0,0,0.0,2,1,3,no
79,58,0,2,105.0,240.0,0,0,154.0,1,0.6,1,0,3,yes
170,56,0,2,130.0,256.0,1,0,142.0,1,0.6,1,1,1,no
276,58,0,0,146.0,218.0,0,1,105.0,0,2.0,1,1,3,no
174,60,0,0,130.0,206.0,0,0,132.0,1,2.4,1,2,3,no
18,43,0,0,150.0,247.0,0,1,171.0,0,1.5,2,0,2,yes
210,57,0,2,128.0,229.0,0,0,150.0,0,0.4,1,1,3,no
222,65,0,3,138.0,282.0,1,0,174.0,0,1.4,1,1,2,no
188,50,0,2,140.0,233.0,0,1,163.0,0,0.6,1,1,3,no
75,55,1,1,135.0,250.0,0,0,161.0,0,1.4,1,0,2,yes
89,58,1,0,100.0,248.0,0,0,122.0,0,1.0,1,0,2,yes
87,46,0,1,101.0,197.0,1,1,156.0,0,0.0,2,0,3,yes
109,50,1,0,110.0,254.0,0,0,159.0,0,0.0,2,0,2,yes
94,45,1,1,112.0,160.0,0,1,138.0,0,0.0,1,0,2,yes
113,43,0,0,110.0,211.0,0,1,161.0,0,0.0,2,0,3,yes
76,51,0,2,125.0,245.0,1,0,166.0,0,2.4,1,0,2,yes
217,63,0,0,130.0,330.0,1,0,132.0,1,1.8,2,3,3,no
265,66,0,0,112.0,212.0,0,0,132.0,1,0.1,2,1,2,no
163,38,0,2,138.0,175.0,0,1,173.0,0,0.0,2,4,2,yes
118,46,1,1,105.0,204.0,0,1,172.0,0,0.0,2,0,2,yes
294,44,0,0,120.0,169.0,0,1,144.0,1,2.8,0,0,1,no
17,66,1,3,150.0,226.0,0,1,114.0,0,2.6,0,0,2,yes
262,53,0,0,123.0,282.0,0,1,95.0,1,2.0,1,2,3,no
243,57,0,0,152.0,274.0,0,1,88.0,1,1.2,1,1,3,no
232,55,0,0,160.0,289.0,0,0,145.0,1,0.8,1,1,3,no
193,60,0,0,145.0,282.0,0,0,142.0,1,2.8,1,2,3,no
124,39,1,2,94.0,199.0,0,1,179.0,0,0.0,2,0,2,yes
278,58,1,1,136.0,319.0,1,0,152.0,0,0.0,2,2,2,no
122,41,1,2,112.0,268.0,0,0,172.0,1,0.0,2,0,2,yes
7,44,0,1,120.0,263.0,0,1,173.0,0,0.0,2,0,3,yes
107,45,1,0,138.0,236.0,0,0,152.0,1,0.2,1,0,2,yes
115,37,1,2,120.0,215.0,0,1,170.0,0,0.0,2,0,2,yes
207,60,1,0,150.0,258.0,0,0,157.0,0,2.6,1,2,3,no
9,57,0,2,150.0,168.0,0,1,174.0,0,1.6,2,0,2,yes
272,67,0,0,120.0,237.0,0,1,71.0,0,1.0,1,0,2,no
175,40,0,0,110.0,167.0,0,0,114.0,1,2.0,1,0,3,no
296,63,1,0,124.0,197.0,0,1,136.0,1,0.0,1,0,2,no
143,67,1,0,106.0,223.0,0,1,142.0,0,0.3,2,2,2,yes
255,45,0,0,142.0,309.0,0,0,147.0,1,0.0,1,3,3,no
244,56,0,0,132.0,184.0,0,0,105.0,1,2.1,1,1,1,no
48,53,1,2,128.0,216.0,0,0,115.0,0,0.0,2,0,0,yes
264,54,0,0,110.0,206.0,0,0,108.0,1,0.0,1,1,2,no
53,44,1,2,108.0,141.0,0,1,175.0,0,0.6,1,0,2,yes
142,42,1,2,120.0,209.0,0,1,173.0,0,0.0,1,0,2,yes
169,53,0,0,140.0,203.0,1,0,155.0,1,3.1,0,0,3,no
231,57,0,0,165.0,289.0,1,0,124.0,0,1.0,1,3,3,no
251,43,0,0,132.0,247.0,1,0,143.0,1,0.1,1,4,3,no
208,49,0,2,120.0,188.0,0,1,139.0,0,2.0,1,3,3,no
32,44,0,1,130.0,219.0,0,0,188.0,0,0.0,2,0,2,yes
100,42,0,3,148.0,244.0,0,0,178.0,0,0.8,2,2,2,yes
237,60,0,0,140.0,293.0,0,0,170.0,0,1.2,1,2,3,no
103,42,0,2,120.0,240.0,1,1,194.0,0,0.8,0,0,3,yes
78,52,0,1,128.0,205.0,1,1,184.0,0,0.0,2,0,2,yes
293,67,0,2,152.0,212.0,0,0,150.0,0,0.8,1,0,3,no
257,50,0,0,144.0,200.0,0,0,126.0,1,0.9,1,0,3,no
245,48,0,0,124.0,274.0,0,0,166.0,0,0.5,1,0,3,no
130,54,1,2,160.0,201.0,0,1,163.0,0,0.0,2,1,2,yes
120,64,1,0,130.0,303.0,0,1,122.0,0,2.0,1,2,2,yes
176,60,0,0,117.0,230.0,1,1,160.0,1,1.4,2,2,3,no
223,56,1,0,200.0,288.0,1,0,133.0,1,4.0,0,2,3,no
114,55,0,1,130.0,262.0,0,1,155.0,0,0.0,2,0,2,yes
199,65,0,0,110.0,248.0,0,0,158.0,0,0.6,2,2,1,no
144,76,1,2,140.0,197.0,0,2,116.0,0,1.1,1,0,2,yes
283,40,0,0,152.0,223.0,0,1,181.0,0,0.0,2,0,3,no
42,45,0,0,104.0,208.0,0,0,148.0,1,3.0,1,0,2,yes
182,61,1,0,130.0,330.0,0,0,169.0,0,0.0,2,0,2,no
159,56,0,1,130.0,221.0,0,0,163.0,0,0.0,2,0,3,yes
44,39,0,2,140.0,321.0,0,0,182.0,0,0.0,2,0,2,yes
20,59,0,0,135.0,234.0,0,1,161.0,0,0.5,1,0,3,yes
148,44,0,2,120.0,226.0,0,1,169.0,0,0.0,2,0,2,yes
39,65,1,2,160.0,360.0,0,0,151.0,0,0.8,2,0,2,yes
125,34,1,1,118.0,210.0,0,1,192.0,0,0.7,2,0,2,yes
157,35,0,1,122.0,192.0,0,1,174.0,0,0.0,2,0,2,yes
164,38,0,2,138.0,175.0,0,1,173.0,0,0.0,2,4,2,yes
116,41,0,2,130.0,214.0,0,0,168.0,0,2.0,1,0,2,yes
153,66,1,2,146.0,278.0,0,0,152.0,0,0.0,1,1,2,yes
112,64,1,2,140.0,313.0,0,1,133.0,0,0.2,2,0,3,yes
63,41,0,1,135.0,203.0,0,1,132.0,0,0.0,1,0,1,yes
24,40,0,3,140.0,199.0,0,1,178.0,1,1.4,2,0,3,yes
240,70,0,2,160.0,269.0,0,1,112.0,1,2.9,1,1,3,no
202,58,0,0,150.0,270.0,0,0,111.0,1,0.8,2,0,3,no
98,43,0,2,130.0,315.0,0,1,162.0,0,1.9,2,1,2,yes
165,67,0,0,160.0,286.0,0,0,108.0,1,1.5,1,3,2,no
172,58,0,1,120.0,284.0,0,0,160.0,0,1.8,1,0,2,no
129,74,1,1,120.0,269.0,0,0,121.0,1,0.2,2,1,2,yes
92,52,0,2,138.0,223.0,0,1,169.0,0,0.0,2,4,2,yes
62,52,0,3,118.0,186.0,0,0,190.0,0,0.0,1,0,1,yes
56,48,0,0,122.0,222.0,0,0,186.0,0,0.0,2,0,2,yes
25,71,1,1,160.0,302.0,0,1,162.0,0,0.4,2,2,2,yes
